"","Species","Genus","Family","meanWD","WD_level","IUCN"
"1","Antrocaryon_klaineanum","Antrocaryon","Anacardiaceae",0.498788888888889,"genus",NA
"2","Canarium_schweinfurthii","Canarium","Burseraceae",0.478005621794872,"genus","LC"
"3","Chrysophyllum_beguei","Chrysophyllum","Sapotaceae",0.665168724279835,"genus","LC"
"4","Detarium_macrocarpum","Detarium","Fabaceae",0.7,"genus","LC"
"5","Hugonia_planchonii","Hugonia","Linaceae",0.595714885285868,"dataset","LC"
"6","Hugonia_platysepala","Hugonia","Linaceae",0.595714885285868,"dataset","LC"
"7","Hugonia_spicata","Hugonia","Linaceae",0.595714885285868,"dataset",NA
"8","Irvingia_gabonensis","Irvingia","Irvingiaceae",0.819569444444444,"genus","NT"
"9","Klainedoxa_gabonensis","Klainedoxa","Irvingiaceae",0.917791666666667,"genus","LC"
"10","Mammea_africana","Mammea","Calophyllaceae",0.778604166666667,"genus","LC"
"11","Pseudospondias_longifolia","Pseudospondias","Anacardiaceae",0.595714885285868,"dataset",NA
"12","Ricinodendron_heudelotii","Ricinodendron","Euphorbiaceae",0.2106,"genus","LC"
"13","Donella_pruniformis","Donella","Sapotaceae",0.595714885285868,"dataset",NA
"14","Annickia_chlorantha","Annickia","Annonaceae",0.459642857142857,"genus","LC"
"15","Anopyxis_klaineana","Anopyxis","Rhizophoraceae",0.799909090909091,"genus","VU"
"16","Blighia_welwitschii","Blighia","Sapindaceae",0.68525,"genus","LC"
"17","Bridelia_atroviridis","Bridelia","Phyllanthaceae",0.555032738095238,"genus",NA
"18","Celtis_mildbraedii","Celtis","Cannabaceae",0.566228571428571,"genus","LC"
"19","Celtis_tessmannii","Celtis","Cannabaceae",0.566228571428571,"genus",NA
"20","Cleistopholis_glauca","Cleistopholis","Annonaceae",0.32235,"genus","LC"
"21","Cleistopholis_patens","Cleistopholis","Annonaceae",0.32235,"genus","LC"
"22","Coelocaryon_preussii","Coelocaryon","Myristicaceae",0.49353216374269,"genus","LC"
"23","Pachylobus_edulis","Pachylobus","Burseraceae",0.595714885285868,"dataset",NA
"24","Discoglypremna_caloneura","Discoglypremna","Euphorbiaceae",0.3396,"genus","LC"
"25","Duguetia_staudtii","Duguetia","Annonaceae",0.72885,"genus","LC"
"26","Elaeis_guineensis","Elaeis","Arecaceae",0.595714885285868,"dataset","LC"
"27","Eremospatha_macrocarpa","Eremospatha","Arecaceae",0.595714885285868,"dataset","LC"
"28","Eriocoelum_macrocarpum","Eriocoelum","Sapindaceae",0.523,"genus","LC"
"29","Ficus_thonningii","Ficus","Moraceae",0.405534661835749,"genus",NA
"30","Greenwayodendron_suaveolens","Greenwayodendron","Annonaceae",0.595714885285868,"dataset","EN"
"31","Leplaea_cedrata","Leplaea","Meliaceae",0.541718518518518,"genus","VU"
"32","Guarea_thompsonii","Guarea","Meliaceae",0.607288888888889,"genus","VU"
"33","Heisteria_zimmereri","Heisteria","Olacaceae",0.69625,"genus","LC"
"34","Laccosperma_secundiflorum","Laccosperma","Arecaceae",0.595714885285868,"dataset","LC"
"35","Lannea_welwitschii","Lannea","Anacardiaceae",0.452416666666667,"genus","LC"
"36","Maesopsis_eminii","Maesopsis","Rhamnaceae",0.3835,"genus","LC"
"37","Margaritaria_discoidea","Margaritaria","Phyllanthaceae",0.673944444444444,"genus","LC"
"38","Musanga_cecropioides","Musanga","Urticaceae",0.242833333333333,"genus","LC"
"39","Petersianthus_macrocarpus","Petersianthus","Lecythidaceae",0.60825,"genus","LC"
"40","Pycnanthus_angolensis","Pycnanthus","Myristicaceae",0.4089,"genus","LC"
"41","Raphia_monbuttorum","Raphia","Arecaceae",0.595714885285868,"dataset","LC"
"42","Rauvolfia_caffra","Rauvolfia","Apocynaceae",0.486345238095238,"genus","LC"
"43","Staudtia_kamerunensis","Staudtia","Myristicaceae",0.758509803921569,"genus","LC"
"44","Sterculia_oblonga","Sterculia","Malvaceae",0.404821666666667,"genus",NA
"45","Strombosia_pustulata","Strombosia","Olacaceae",0.721306547619048,"genus","LC"
"46","Strombosia_scheffleri","Strombosia","Olacaceae",0.721306547619048,"genus","LC"
"47","Strombosiopsis_tetrandra","Strombosiopsis","Olacaceae",0.663,"genus","LC"
"48","Terminalia_superba","Terminalia","Combretaceae",0.6304967779212,"genus",NA
"49","Trichilia_gilgiana","Trichilia","Meliaceae",0.644092948717949,"genus","LC"
"50","Trichilia_heudelotii","Trichilia","Meliaceae",0.644092948717949,"genus","LC"
"51","Uapaca_mole","Uapaca","Phyllanthaceae",0.626341558441558,"genus","LC"
"52","Psorospermum_guineense","Psorospermum","Hypericaceae",0.689,"genus",NA
"53","Breviea_sericea","Breviea","Sapotaceae",0.481,"genus","NT"
"54","Ficus_ampelos","Ficus","Moraceae",0.405534661835749,"genus",NA
"55","Sterculia_tragacantha","Sterculia","Malvaceae",0.404821666666667,"genus","LC"
"56","Duboscia_macrocarpa","Duboscia","Malvaceae",0.595714885285868,"dataset","LC"
"57","Ongokea_gore","Ongokea","Olacaceae",0.7492,"genus","LC"
"58","Tetrapleura_tetraptera","Tetrapleura","Fabaceae",0.57,"genus","LC"
"59","Anthonotha_fragrans","Anthonotha","Fabaceae",0.685333333333333,"genus","LC"
"60","Anthonotha_sassandraensis","Anthonotha","Fabaceae",0.685333333333333,"genus","LC"
"61","Berlinia_grandiflora","Berlinia","Fabaceae",0.618947727272727,"genus","LC"
"62","Coelocaryon_oxycarpum","Coelocaryon","Myristicaceae",0.49353216374269,"genus",NA
"63","Coula_edulis","Coula","Olacaceae",0.894666666666667,"genus","LC"
"64","Dialium_polyanthum","Dialium","Fabaceae",0.812419230769231,"genus","LC"
"65","Diospyros_sanza-minika","Diospyros","Ebenaceae",0.683275126262626,"genus","LC"
"66","Diospyros_soubreana","Diospyros","Ebanaceae",0.683275126262626,"genus","LC"
"67","Gilbertiodendron_preussii","Gilbertiodendron","Fabaceae",0.648444444444444,"genus","LC"
"68","Maesobotrya_barteri","Maesobotrya","Phyllanthaceae",0.595714885285868,"dataset","LC"
"69","Nauclea_diderrichii","Nauclea","Rubiaceae",0.565472551602986,"genus","NT"
"70","Parinari_excelsa","Parinari","Chrysobalanaceae",0.712558134920635,"genus","LC"
"71","Pentaclethra_macrophylla","Pentaclethra","Fabaceae",0.702484848484848,"genus","LC"
"72","Pentadesma_butyracea","Pentadesma","Clusiaceae",0.682833333333333,"genus","LC"
"73","Sacoglottis_gabonensis","Sacoglottis","Humiriaceae",0.774920634920635,"genus","LC"
"74","Scytopetalum_tieghemii","Scytopetalum","Lecythidaceae",0.625,"genus","LC"
"75","Spondianthus_preussi","Spondianthus","Phyllanthaceae",0.645,"genus","LC"
"76","Uapaca_guineensis","Uapaca","Phyllanthaceae",0.626341558441558,"genus","LC"
"77","Celtis_africana","Celtis","Cannabaceae",0.566228571428571,"genus",NA
"78","Uvariopsis_congensis","Uvariopsis","Annonaceae",0.595714885285868,"dataset","LC"
"79","Aframomum_leptolepis","Aframomum","Zingiberaceae",0.595714885285868,"dataset","LC"
"80","Gambeya_boukokoensis","Gambeya","Sapotaceae",0.595714885285868,"dataset",NA
"81","Uapaca_acuminata","Uapaca","Phyllanthaceae",0.626341558441558,"genus",NA
"82","Uapaca_uanhouttei","Uapaca","Phyllanthaceae",0.626341558441558,"genus",NA
"83","Biancaea_decapetala","Biancaea","Fabaceae",0.595714885285868,"dataset","LC"
"84","Funtumia_africana","Funtumia","Apocynaceae",0.424,"genus","LC"
"85","Musanga_leo-errerae","Musanga","Urticaceae",0.242833333333333,"genus","VU"
"86","Palisota_mannii","Palisota","Commelinaceae",0.595714885285868,"dataset",NA
"87","Alafia_landolphioides","Alafia","Apocynaceae",0.595714885285868,"dataset",NA
"88","Alstonia_boonei","Alstonia","Apocynaceae",0.46399,"genus","LC"
"89","Antiaris_toxicaria","Antiaris","Moraceae",0.381526315789474,"genus","LC"
"90","Bischofia_javanica","Bischofia","Phyllanthaceae",0.56985,"genus","LC"
"91","Casearia_battiscombei","Casearia","Salicaceae",0.624615384615385,"genus",NA
"92","Celtis_zenkeri","Celtis","Cannabaceae",0.566228571428571,"genus","LC"
"93","Gambeya_albida","Gambeya","Sapotaceae",0.595714885285868,"dataset","NT"
"94","Cordia_millenii","Cordia","Boraginaceae",0.542470421245421,"genus","LC"
"95","Croton_macrostachyus","Croton","Euphorbiaceae",0.510402666666667,"genus","LC"
"96","Cynometra_alexandri","Cynometra","Fabaceae",0.812257291666667,"genus","LC"
"97","Dracaena_fragrans","Dracaena","Asparagaceae",0.41825,"genus","LC"
"98","Ficus_lingua","Ficus","Moraceae",0.405534661835749,"genus",NA
"99","Ficus_lutea","Ficus","Moraceae",0.405534661835749,"genus","LC"
"100","Ficus_natalensis","Ficus","Moraceae",0.405534661835749,"genus",NA
"101","Ficus_sansibarica","Ficus","Moraceae",0.405534661835749,"genus",NA
"102","Ficus_sur","Ficus","Moraceae",0.405534661835749,"genus",NA
"103","Funtumia_elastica","Funtumia","Apocynaceae",0.424,"genus","LC"
"104","Harungana_madagascariensis","Harungana","Asteraceae",0.467,"genus","LC"
"105","Manilkara_butugi","Manilkara","Sapotaceae",0.885127236652237,"genus",NA
"106","Mildbraediodendron_excelsum","Mildbraediodendron","Fabaceae",0.595714885285868,"dataset","LC"
"107","Mimulopsis_solmsii","Mimulopsis","Acanthaceae",0.595714885285868,"dataset",NA
"108","Morus_mesozygia","Morus","Moraceae",0.591486111111111,"genus",NA
"109","Musa_paradisiaca","Musa","Musaceae",0.595714885285868,"dataset",NA
"110","Psidium_guajava","Psidium","Myrtaceae",0.855277777777778,"genus","LC"
"111","Solanum_mauritianum","Solanum","Solanaceae",0.411857142857143,"genus",NA
"112","Trilepisium_madagascariense","Trilepisium","Moraceae",0.499,"genus",NA
"113","Vepris_nobilis","Vepris","Rutaceae",0.659,"genus","LC"
"114","Cissus_dinklagei","Cissus","Vitaceae",0.595714885285868,"dataset",NA
"115","Gambeya_lacourtiana","Gambeya","Sapotaceae",0.595714885285868,"dataset","LC"
"116","Cissus_producta","Cissus","Vitaceae",0.595714885285868,"dataset",NA
"117","Drypetes_chevalieri","Drypetes","Putranjivaceae",0.69451282051282,"genus",NA
"118","Microcos_africana","Microcos","Malvaceae",0.481871794871795,"genus","LC"
"119","Hexalobus_crispiflorus","Hexalobus","Annonaceae",0.573333333333333,"genus","LC"
"120","Plagiostyles_africana","Plagiostyles","Euphorbiaceae",0.741333333333333,"genus","LC"
"121","Psychotria_camptopus","Psychotria","Rubiaceae",0.5636,"genus",NA
"122","Santiria_trimera","Santiria","Burseraceae",0.5813,"genus","LC"
"123","Strombosia_grandifolia","Strombosia","Olacaceae",0.721306547619048,"genus",NA
"124","Synsepalum_stipulatum","Synsepalum","Sapotaceae",0.6775,"genus","LC"
"125","Allophylus_kiwuensis","Allophylus","Sapindaceae",0.51775,"genus",NA
"126","Canthium_oligocarpum","Canthium","Rubiaceae",0.636677777777778,"genus","VU"
"127","Carduus_schimperi","Carduus","Compositae",0.595714885285868,"dataset",NA
"128","Casuarina_equisetifolia","Casuarina","Casuarinaceae",0.830775,"genus","LC"
"129","Cynodon_dactylon","Cynodon","Poaceae",0.595714885285868,"dataset",NA
"130","Cyphostemma_adenocaule","Cyphostemma","Vitaceae",0.595714885285868,"dataset",NA
"131","Deschampsia_cespitosa","Deschampsia","Poaceae",0.595714885285868,"dataset",NA
"132","Embelia_schimperi","Embelia","Primulaceae",0.595714885285868,"dataset","LC"
"133","Galiniera_saxifraga","Galiniera","Rubiaceae",0.595714885285868,"dataset","LC"
"134","Hordeum_vulgare","Hordeum","Poaceae",0.595714885285868,"dataset","LC"
"135","Ilex_mitis","Ilex","Aquifoliaceae",0.5627,"genus","LC"
"136","Jasminum_abyssinicum","Jasminum","Oleaceae",0.595714885285868,"dataset",NA
"137","Juniperus_procera","Juniperus","Cupressaceae",0.485,"genus","LC"
"138","Lagenaria_abyssinica","Lagenaria","Cucurbitaceae",0.595714885285868,"dataset",NA
"139","Maesa_lanceolata","Maesa","Primulaceae",0.676,"genus","LC"
"140","Poa_infirma","Poa","Poaceae",0.595714885285868,"dataset",NA
"141","Psychotria_orophila","Psychotria","Rubiaceae",0.5636,"genus",NA
"142","Rubus_apetalus","Rubus","Rosaceae",0.35,"genus",NA
"143","Solanum_etuberosum","Solanum","Solanaceae",0.411857142857143,"genus","LC"
"144","Urera_hypselodendron","Urera","Urticaceae",0.323555555555556,"genus",NA
"145","Desbordesia_glaucescens","Desbordesia","Irvingiaceae",0.931,"genus",NA
"146","Diogoa_zenkeri","Diogoa","Olacaceae",0.6955,"genus","LC"
"147","Lecomtedoxa_Klaineana","Lecomtedoxa","Sapotaceae",0.823090909090909,"genus",NA
"148","Oubanguia_alata","Oubanguia","Lecythidaceae",0.595714885285868,"dataset","LC"
"149","Strychnos_gnetifolia","Strychnos","Loganiaceae",0.689805555555556,"genus","VU"
"150","Uapaca_staudtii","Uapaca","Phyllanthaceae",0.626341558441558,"genus","LC"
"151","Uvariopsis_bakeriana","Uvariopsis","Annonaceae",0.595714885285868,"dataset","LC"
"152","Albizia_grandibracteata","Albizia","Fabaceae",0.556356916099773,"genus","LC"
"153","Diospyros_abyssinica","Diospyros","Ebenaceae",0.683275126262626,"genus","LC"
"154","Eucalyptus_grandis","Eucalyptus","Myrtaceae",0.830092581326441,"genus","NT"
"155","Markhamia_lutea","Markhamia","Bignoniaceae",0.590555555555556,"genus","LC"
"156","Olea_capensis","Olea","Olacaceae",0.743066137566138,"genus","LC"
"157","Pittosporum_viridiflorum","Pittosporum","Pittosporaceae",0.6135,"genus","LC"
"158","Polyscias_fulva","Polyscias","Araliaceae",0.381364583333333,"genus","LC"
"159","Premna_angolensis","Premna","Lamiaceae",0.601208333333333,"genus","LC"
"160","Prunus_africana","Prunus","Rosaceae",0.585666666666667,"genus","VU"
"161","Shirakiopsis_elliptica","Shirakiopsis","Euphorbiaceae",0.5115,"genus","LC"
"162","Bussea_occidentalis","Bussea","Fabaceae",0.791666666666667,"genus","LC"
"163","Albizia_altissima","Albizia","Fabaceae",0.556356916099773,"genus","LC"
"164","Holarrhena_floribunda","Holarrhena","Apocynaceae",0.592333333333333,"genus","LC"
"165","Manniophyton_fulvum","Manniophyton","Euphorbiaceae",0.595714885285868,"dataset",NA
"166","Millettia_rhodantha","Millettia","Fabaceae",0.696722222222222,"genus","LC"
"167","Newtonia_aubrevillei","Newtonia","Fabaceae",0.601662962962963,"genus",NA
"168","Piptadeniastrum_africanum","Piptadeniastrum","Fabaceae",0.605086956521739,"genus","LC"
"169","Albizia_dinklagei","Albizia","Fabaceae",0.556356916099773,"genus",NA
"170","Celtis_toka","Celtis","Cannabaceae",0.566228571428571,"genus","LC"
"171","Allophylus_ferrugineus","Allophylus","Sapindaceae",0.51775,"genus","LC"
"172","Bridelia_brideliifolia","Bridelia","Phyllanthaceae",0.555032738095238,"genus","LC"
"173","Carapa_grandiflora","Carapa","Meliaceae",0.552401785714286,"genus","LC"
"174","Cassine_peragua","Cassine","Celastraceae",0.721666666666667,"genus","LC"
"175","Cola_congolana","Cola","Malvaceae",0.612895833333333,"genus","LC"
"176","Drypetes_gerrardii","Drypetes","Putranjivaceae",0.69451282051282,"genus","LC"
"177","Ficus_oreodryadum","Ficus","Moraceae",0.405534661835749,"genus",NA
"178","Myrianthus_holstii","Myrianthus","Urticaceae",0.4495,"genus","LC"
"179","Mystroxylon_aethiopicum","Mystroxylon","Celastraceae",0.595714885285868,"dataset","LC"
"180","Olea_welwitschii","Olea","Olacaceae",0.743066137566138,"genus",NA
"181","Olinia_usambarensis","Olinia","Penaeaceae",0.739,"genus",NA
"182","Piper_capense","Piper","Piperaceae",0.3935,"genus","LC"
"183","Podocarpus_milanjianus","Podocarpus","Podocarpaceae",0.482998774509804,"genus","LC"
"184","Psychotria_palustris","Psychotria","Rubiaceae",0.5636,"genus",NA
"185","Myrsine_melanophloeos","Myrsine","Primulaceae",0.741037037037037,"genus",NA
"186","Rubus_steudneri","Rubus","Rosaceae",0.35,"genus",NA
"187","Rytigynia_kigeziensis","Rytigynia","Rubiaceae",0.595714885285868,"dataset","VU"
"188","Symphonia_globulifera","Symphonia","Clusiaceae",0.633128571428571,"genus","LC"
"189","Syzygium_guineense","Syzygium","Myrtaceae",0.664366666666667,"genus","LC"
"190","Triumfetta_tomentosa","Triumfetta","Malvaceae",0.595714885285868,"dataset",NA
"191","Aframomum_citratum","Aframomum","Zingiberaceae",0.595714885285868,"dataset","LC"
"192","Aframomum_longipetiolatum","Aframomum","Zingiberaceae",0.595714885285868,"dataset","LC"
"193","Antidesma_vogelianum","Antidesma","Euphorbiaceae",0.657533333333333,"genus",NA
"194","Allophylus_africanus","Allophylus","Sapindaceae",0.51775,"genus","LC"
"195","Angylocalyx_pynaertii","Angylocalyx","Fabaceae",0.595714885285868,"dataset","LC"
"196","Aoranthe_cladantha","Aoranthe","Rubiaceae",0.8065,"genus","LC"
"197","Anonidium_mannii","Anonidium","Annonaceae",0.291,"genus","LC"
"198","Chrysophyllum_africanum","Chrysophyllum","Sapotaceae",0.665168724279835,"genus","LC"
"199","Gambeya_subnuda","Gambeya","Sapotaceae",0.595714885285868,"dataset","LC"
"200","Cola_lizae","Cola","Malvaceae",0.612895833333333,"genus","NT"
"201","Pachylobus_normandii","Pachylobus","Burseraceae",0.595714885285868,"dataset",NA
"202","Barteria_nigritana","Barteria","Passifloraceae",0.595714885285868,"dataset","LC"
"203","Brachystegia_eurycoma","Brachystegia","Fabaceae",0.605521428571429,"genus","LC"
"204","Caloncoba_glauca","Caloncoba","Achariaceae",0.65,"genus",NA
"205","Caloncoba_welwitschii","Caloncoba","Achariaceae",0.65,"genus","LC"
"206","Celtis_adolfi-friderici","Celtis","Cannabaceae",0.566228571428571,"genus","LC"
"207","Dialium_zenkeri","Dialium","Fabaceae",0.812419230769231,"genus",NA
"208","Diospyros_dendo","Diospyros","Ebenaceae",0.683275126262626,"genus","LC"
"209","Diospyros_iturensis","Diospyros","Ebenaceae",0.683275126262626,"genus","LC"
"210","Diospyros_polystemon","Diospyros","Ebenaceae",0.683275126262626,"genus","LC"
"211","Diospyros_suaveolens","Diospyros","Ebenaceae",0.683275126262626,"genus","LC"
"212","Donella_ubangiensis","Donella","Sapotaceae",0.595714885285868,"dataset",NA
"213","Chytranthus_atroviolaceus","Chytranthus","Sapindaceae",0.595714885285868,"dataset",NA
"214","Chytranthus_setosus","Chytranthus","Sapindaceae",0.595714885285868,"dataset",NA
"215","Chytranthus_talbotii","Chytranthus","Sapindaceae",0.595714885285868,"dataset","LC"
"216","Cola_gabonensis","Cola","Malvaceae",0.612895833333333,"genus",NA
"217","Ficus_mucuso","Ficus","Moraceae",0.405534661835749,"genus","LC"
"218","Ficus_polita","Ficus","Moraceae",0.405534661835749,"genus",NA
"219","Cola_nitida","Cola","Malvaceae",0.612895833333333,"genus","LC"
"220","Cola_rostrata","Cola","Malvaceae",0.612895833333333,"genus",NA
"221","Cryptosepalum_staudtii","Cryptosepalum","Fabaceae",0.75275,"genus","NT"
"222","Pachylobus_klaineanus","Pachylobus","Burseraceae",0.595714885285868,"dataset",NA
"223","Ficus_recurvata","Ficus","Moraceae",0.405534661835749,"genus",NA
"224","Desplatsia_dewevrei","Desplatsia","Malvaceae",0.595714885285868,"dataset","LC"
"225","Desplatsia_subericarpa","Desplatsia","Malvaceae",0.595714885285868,"dataset","LC"
"226","Heisteria_parvifolia","Heisteria","Olacaceae",0.69625,"genus","LC"
"227","Dialium_pachyphyllum","Dialium","Fabaceae",0.812419230769231,"genus","LC"
"228","Irvingia_grandifolia","Irvingia","Irvingiaceae",0.819569444444444,"genus","LC"
"229","Dialium_tessmannii","Dialium","Fabaceae",0.812419230769231,"genus","LC"
"230","Dichapetalum_unguiculatum","Dichapetalum","Dichapetalaceae",0.761,"genus",NA
"231","Dioscoreophyllum_cumminsii","Dioscoreophyllum","Menispermaceae",0.595714885285868,"dataset",NA
"232","Lecaniodiscus_cupanioides","Lecaniodiscus","Sapindaceae",0.595714885285868,"dataset","LC"
"233","Diospyros_crassiflora","Diospyros","Ebenaceae",0.683275126262626,"genus","VU"
"234","Mangifera_indica","Mangifera","Anacardiaceae",0.500529411764706,"genus","DD"
"235","Megaphrynium_gabonense","Megaphrynium","Maranthaceae",0.595714885285868,"dataset",NA
"236","Megaphrynium_macrostachyum","Megaphrynium","Marantaceae",0.595714885285868,"dataset",NA
"237","Diospyros_piscatoria","Diospyros","Ebenaceae",0.683275126262626,"genus","LC"
"238","Monanthotaxis_congoensis","Monanthotaxis","Annonaceae",0.595714885285868,"dataset",NA
"239","Monodora_angolensis","Monodora","Annonaceae",0.49,"genus","LC"
"240","Myrianthus_arboreus","Myrianthus","Urticaceae",0.4495,"genus","LC"
"241","Nauclea_vanderguchtii","Nauclea","Rubiaceae",0.565472551602986,"genus",NA
"242","Parkia_bicolor","Parkia","Fabaceae",0.458531818181818,"genus","LC"
"243","Parkia_filicoidea","Parkia","Fabaceae",0.458531818181818,"genus","LC"
"244","Drypetes_cinnabarina","Drypetes","Putranjivaceae",0.69451282051282,"genus",NA
"245","Drypetes_diopa","Drypetes","Putranjivaceae",0.69451282051282,"genus",NA
"246","Drypetes_gilgiana","Drypetes","Putranjivaceae",0.69451282051282,"genus","LC"
"247","Drypetes_gossweileri","Drypetes","Putranjivaceae",0.69451282051282,"genus",NA
"248","Drypetes_pellegrinii","Drypetes","Putranjivaceae",0.69451282051282,"genus","VU"
"249","Duboscia_viridiflora","Duboscia","Malvaceae",0.595714885285868,"dataset",NA
"250","Erythrophleum_lasianthum","Erythrophleum","Fabaceae",0.808748214285714,"genus","NT"
"251","Fernandoa_adolfi-friderici","Fernandoa","Bignoniaceae",0.505,"genus",NA
"252","Pseudospondias_microcarpa","Pseudospondias","Anacardiaceae",0.595714885285868,"dataset","VU"
"253","Psychotria_vogeliana","Psychotria","Rubiaceae",0.5636,"genus",NA
"254","Rutidea_dupuisii","Rutidea","Rubiaceae",0.595714885285868,"dataset",NA
"255","Scytopetalum_klaineanum","Scytopetalum","Lecythidaceae",0.625,"genus","LC"
"256","Treculia_africana","Treculia","Moraceae",0.595714885285868,"dataset","LC"
"257","Trichoscypha_acuminata","Trichoscypha","Anacardiaceae",0.6022,"genus","LC"
"258","Ganophyllum_giganteum","Ganophyllum","Sapindaceae",0.701833333333333,"genus",NA
"259","Garcinia_kola","Garcinia","Clusiaceae",0.741621568627451,"genus","VU"
"260","Gilbertiodendron_dewevrei","Gilbertiodendron","Fabaceae",0.648444444444444,"genus","LC"
"261","Microcos_coriacea","Microcos","Malvaceae",0.481871794871795,"genus","LC"
"262","Microcos_oligoneura","Microcos","Malvaceae",0.481871794871795,"genus",NA
"263","Microcos_pinnatifida","Microcos","Malvaceae",0.481871794871795,"genus","LC"
"264","Microcos_seretii","Microcos","Malvaceae",0.481871794871795,"genus",NA
"265","Haumania_danckelmaniana","Haumania","Marantaceae",0.595714885285868,"dataset",NA
"266","Haumania_liebrechtsiana","Haumania","Marantaceae",0.595714885285868,"dataset",NA
"267","Uapaca_sansibarica","Uapaca","Phyllanthaceae",0.626341558441558,"genus","LC"
"268","Hylodendron_gabunense","Hylodendron","Fabaceae",0.787,"genus","LC"
"269","Hypselodelphys_violacea","Hypselodelphys","Marantaceae",0.595714885285868,"dataset",NA
"270","Irvingia_excelsa","Irvingia","Irvingiaceae",0.819569444444444,"genus",NA
"271","Isolona_hexaloba","Isolona","Annonaceae",0.595714885285868,"dataset","LC"
"272","Landolphia_villosa","Landolphia","Apocynaceae",0.595714885285868,"dataset",NA
"273","Leea_guineensis","Leea","Vitaceae",0.57,"genus",NA
"274","Manilkara_letouzeyi","Manilkara","Sapotaceae",0.885127236652237,"genus",NA
"275","Maranthes_glabra","Maranthes","Chrysobalanaceae",0.830333333333333,"genus","LC"
"276","Marantochloa_filipes","Marantochloa","Marantaceae",0.595714885285868,"dataset",NA
"277","Microdesmis_keayana","Microdesmis","Pandaceae",0.595714885285868,"dataset",NA
"278","Milicia_excelsa","Milicia","Moraceae",0.555998518518519,"genus","LC"
"279","Monodora_myristica","Monodora","Annonaceae",0.49,"genus","LC"
"280","Palisota_ambigua","Palisota","Commelinaceae",0.595714885285868,"dataset",NA
"281","Palisota_hirsuta","Palisota","Commelinaceae",0.595714885285868,"dataset",NA
"282","Palisota_thollonii","Palisota","Commelinaceae",0.595714885285868,"dataset",NA
"283","Pancovia_laurentii","Pancovia","Sapindaceae",0.595714885285868,"dataset",NA
"284","Pleiocarpa_mutica","Pleiocarpa","Apocynaceae",0.595714885285868,"dataset","LC"
"285","Psychotria_arnoldiana","Psychotria","Rubiaceae",0.5636,"genus",NA
"286","Pterocarpus_soyauxii","Pterocarpus","Fabaceae",0.62688578042328,"genus",NA
"287","Saba_comorensis","Saba","Apocynaceae",0.595714885285868,"dataset",NA
"288","Nauclea_pobeguinii","Nauclea","Rubiaceae",0.565472551602986,"genus",NA
"289","Sarcophrynium_brachystachyum","Sarcophrynium","Marantaceae",0.595714885285868,"dataset",NA
"290","Sarcophrynium_prionogonium","Sarcophrynium","Marantaceae",0.595714885285868,"dataset",NA
"291","Sorindeia_grandifolia","Sorindeia","Anacardiaceae",0.56,"genus","LC"
"292","Tabernaemontana_crassa","Tabernaemontana","Apocynaceae",0.526071428571429,"genus","LC"
"293","Tabernaemontana_penduliflora","Tabernaemontana","Apocynaceae",0.526071428571429,"genus",NA
"294","Tieghemella_africana","Tieghemella","Sapotaceae",0.584907407407407,"genus","EN"
"295","Tessmannia_anomala","Tessmannia","Fabaceae",0.7865,"genus","LC"
"296","Tiliacora_bequaertii","Tiliacora","Menispermaceae",0.595714885285868,"dataset",NA
"297","Trichilia_monadelpha","Trichilia","Meliaceae",0.644092948717949,"genus","LC"
"298","Trichoscypha_oddonii","Trichoscypha","Anacardiaceae",0.6022,"genus","LC"
"299","Triclisia_dictyophylla","Triclisia","Menispermaceae",0.595714885285868,"dataset",NA
"300","Triclisia_patens","Triclisia","Menispermaceae",0.595714885285868,"dataset",NA
"301","Uapaca_pynaertii","Uapaca","Phyllanthaceae",0.626341558441558,"genus",NA
"302","Zanha_golungensis","Zanha","Sapindaceae",0.7945,"genus","LC"
"303","Uvariastrum_pierreanum","Uvariastrum","Annonaceae",0.595714885285868,"dataset","LC"
"304","Gambeya_gorungosana","Gambeya","Sapotaceae",0.595714885285868,"dataset",NA
"305","Solanum_terminale","Solanum","Solanaceae",0.411857142857143,"genus",NA
"306","Balanites_wilsoniana","Balanites","Zygophyllaceae",0.661777777777778,"genus","LC"
"307","Blighia_unijugata","Blighia","Sapindaceae",0.68525,"genus","LC"
"308","Chaetachme_aristata","Chaetachme","Ulmaceae",0.595714885285868,"dataset","LC"
"309","Fagaropsis_angolensis","Fagaropsis","Rutaceae",0.504,"genus",NA
"310","Ficus_saussureana","Ficus","Moraceae",0.405534661835749,"genus","LC"
"311","Harrisonia_abyssinica","Harrisonia","Rutaceae",0.785,"genus","LC"
"312","Mimusops_bagshawei","Mimusops","Sapotaceae",0.835037037037037,"genus",NA
"313","Neoboutonia_melleri","Neoboutonia","Euphorbiaceae",0.33,"genus","LC"
"314","Aningeria_altissima","Aningeria","Sapotaceae",0.595714885285868,"dataset",NA
"315","Dialium_guineense","Dialium","Fabaceae",0.812419230769231,"genus","LC"
"316","Dichapetalum_heudelotii","Dichapetalum","Dichapetalaceae",0.761,"genus","LC"
"317","Dichapetalum_mombuttense","Dichapetalum","Dichapetalaceae",0.761,"genus",NA
"318","Trichilia_welwitschii","Trichilia","Meliaceae",0.644092948717949,"genus",NA
"319","Turraeanthus_africanus","Turraeanthus","Meliaceae",0.4883,"genus","VU"
"320","Adansonia_digitata","Adansonia","Malvaceae",0.276,"genus",NA
"321","Aframomum_cereum","Aframomum","Zingiberaceae",0.595714885285868,"dataset",NA
"322","Aframomum_exscapum","Aframomum","Zingiberaceae",0.595714885285868,"dataset","LC"
"323","Afzelia_bipindensis","Afzelia","Fabaceae",0.669883982683983,"genus","VU"
"324","Annona_squamosa","Annona","Annonaceae",0.518777777777778,"genus","LC"
"325","Anthocleista_schweinfurthii","Anthocleista","Gentianaceae",0.537777777777778,"genus","LC"
"326","Artocarpus_altilis","Artocarpus","Moraceae",0.486363636363636,"genus",NA
"327","Baillonella_toxisperma","Baillonella","Sapotaceae",0.67295,"genus","VU"
"328","Barteria_solida","Barteria","Passifloraceae",0.595714885285868,"dataset",NA
"329","Piliostigma_thonningii","Piliostigma","Fabaceae",0.595714885285868,"dataset",NA
"330","Bobgunnia_fistuloides","Bobgunnia","Fabaceae",0.8662,"genus","LC"
"331","Borassus_aethiopum","Borassus","Arecaceae",0.87,"genus","LC"
"332","Capparis_tomentosa","Capparis","Capparaceae",0.691083333333333,"genus",NA
"333","Capsicum_frutescens","Capsicum","Solanaceae",0.595714885285868,"dataset","LC"
"334","Carapa_procera","Carapa","Meliaceae",0.552401785714286,"genus","LC"
"335","Carica_papaya","Carica","Caricaceae",0.1875,"genus","DD"
"336","Casearia_barteri","Casearia","Salicaceae",0.624615384615385,"genus","LC"
"337","Cassia_sieberiana","Cassia","Fabaceae",0.735827777777778,"genus","LC"
"338","Ceiba_pentandra","Ceiba","Malvaceae",0.356821212121212,"genus","LC"
"339","Chrysobalanus_icaco","Chrysobalanus","Chrysobalanaceae",0.798166666666667,"genus","LC"
"340","Citrus_aurantium","Citrus","Rutaceae",0.74,"genus",NA
"341","Cogniauxia_podolaena","Cogniauxia","Cucurbitaceae",0.595714885285868,"dataset",NA
"342","Cola_gigantea","Cola","Malvaceae",0.612895833333333,"genus",NA
"343","Costus_afer","Costus","Costaceae",0.595714885285868,"dataset",NA
"344","Desplatsia_chrysochlamys","Desplatsia","Malvaceae",0.595714885285868,"dataset","LC"
"345","Detarium_senegalense","Detarium","Fabaceae",0.7,"genus","LC"
"346","Diospyros_mannii","Diospyros","Ebenaceae",0.683275126262626,"genus","LC"
"347","Dovyalis_abyssinica","Dovyalis","Salicaceae",0.579,"genus","LC"
"348","Dovyalis_zenkeri","Dovyalis","Salicaceae",0.579,"genus","LC"
"349","Eugenia_fernandopoana","Eugenia","Myrtaceae",0.722760273972603,"genus","VU"
"350","Eugenia_staudtii","Eugenia","Myrtaceae",0.722760273972603,"genus",NA
"351","Irvingia_robur","Irvingia","Irvingiaceae",0.819569444444444,"genus","LC"
"352","Kigelia_africana","Kigelia","Bignoniaceae",0.632,"genus","LC"
"353","Klainedoxa_trillesii","Klainedoxa","Irvingiaceae",0.917791666666667,"genus",NA
"354","Lagenaria_breviflora","Lagenaria","Cucurbitaceae",0.595714885285868,"dataset",NA
"355","Landolphia_hirsuta","Landolphia","Apocynaceae",0.595714885285868,"dataset",NA
"356","Landolphia_mannii","Landolphia","Apocynaceae",0.595714885285868,"dataset",NA
"357","Landolphia_parvifolia","Landolphia","Apocynaceae",0.595714885285868,"dataset","LC"
"358","Manilkara_obovata","Manilkara","Sapotaceae",0.885127236652237,"genus","LC"
"359","Massularia_acuminata","Massularia","Rubiaceae",0.595714885285868,"dataset","LC"
"360","Millettia_dura","Millettia","Fabaceae",0.696722222222222,"genus",NA
"361","Neonauclea_excelsa","Neonauclea","Rubiaceae",0.650794117647059,"genus",NA
"362","Nesogordonia_papaverifera","Nesogordonia","Malvaceae",0.675166666666667,"genus","VU"
"363","Omphalocarpum_elatum","Omphalocarpum","Sapotaceae",0.55,"genus","LC"
"364","Omphalocarpum_procerum","Omphalocarpum","Sapotaceae",0.55,"genus","LC"
"365","Oncoba_spinosa","Oncoba","Salicaceae",0.58,"genus","LC"
"366","Panda_oleosa","Panda","Pandaceae",0.565,"genus","LC"
"367","Persea_americana","Persea","Lauraceae",0.514030303030303,"genus","LC"
"368","Phoenix_reclinata","Phoenix","Arecaceae",0.595714885285868,"dataset","LC"
"369","Picralima_nitida","Picralima","Apocynaceae",0.775,"genus",NA
"370","Poga_oleosa","Poga","Anisophylleaceae",0.393,"genus","LC"
"371","Prosopis_africana","Prosopis","Fabaceae",0.771932291666667,"genus","LC"
"372","Psidium_guineense","Psidium","Myrtaceae",0.855277777777778,"genus","LC"
"373","Psydrax_subcordata","Psydrax","Rubiaceae",0.76275,"genus",NA
"374","Raphia_hookeri","Raphia","Arecaceae",0.595714885285868,"dataset","LC"
"375","Rothmannia_macrocarpa","Rothmannia","Rubiaceae",0.6415,"genus",NA
"376","Rothmannia_urcelliformis","Rothmannia","Rubiaceae",0.6415,"genus","LC"
"377","Scytopetalum_pierreanum","Scytopetalum","Lecythidaceae",0.625,"genus",NA
"378","Solanum_erianthum","Solanum","Solanaceae",0.411857142857143,"genus",NA
"379","Sorghum_arundinaceum","Sorghum","Poaceae",0.595714885285868,"dataset","LC"
"380","Sterculia_rhinopetala","Sterculia","Malvaceae",0.404821666666667,"genus","LC"
"381","Strychnos_aculeata","Strychnos","Loganiaceae",0.689805555555556,"genus",NA
"382","Strychnos_innocua","Strychnos","Loganiaceae",0.689805555555556,"genus","LC"
"383","Tamarindus_indica","Tamarindus","Fabaceae",0.9784,"genus","LC"
"384","Telfairia_occidentalis","Telfairia","Cucurbitaceae",0.595714885285868,"dataset",NA
"385","Theobroma_cacao","Theobroma","Malvaceae",0.5316,"genus",NA
"386","Tieghemella_heckelii","Tieghemella","Sapotaceae",0.584907407407407,"genus","EN"
"387","Trema_orientale","Trema","Cannabaceae",0.3422,"genus","LC"
"388","Trichoscypha_arborea","Trichoscypha","Anacardiaceae",0.6022,"genus","LC"
"389","Triplochiton_scleroxylon","Triplochiton","Malvaceae",0.3345,"genus","LC"
"390","Triumfetta_cordifolia","Triumfetta","Malvaceae",0.595714885285868,"dataset",NA
"391","Uapaca_heudelotii","Uapaca","Phyllanthaceae",0.626341558441558,"genus",NA
"392","Uapaca_togoensis","Uapaca","Phyllanthaceae",0.626341558441558,"genus","LC"
"393","Vitellaria_paradoxa","Vitellaria","Sapotaceae",0.595714885285868,"dataset","VU"
"394","Vitex_ciliata","Vitex","Lamiaceae",0.565170666666667,"genus","LC"
"395","Autranella_congolensis","Autranella","Sapotaceae",0.751777777777778,"genus","EN"
"396","Diospyros_crassiflora ","Diospyros","Ebenaceae",0.683275126262626,"genus",NA
"397","Pachylobus_buettneri","Pachylobus","Burseraceae",0.595714885285868,"dataset","VU"
"398","Scyphocephalium_mannii","Scyphocephalium","Myristicaceae",0.507444444444444,"genus",NA
"399","Acacia_monticola","Acacia","Fabaceae",0.787831280193237,"genus","LC"
"400","Aframomum_angustifolium","Aframomum","Zingiberaceae",0.595714885285868,"dataset","LC"
"401","Aframomum_corrorima","Aframomum","Zingiberaceae",0.595714885285868,"dataset","LC"
"402","Aframomum_giganteum","Aframomum","Zingiberaceae",0.595714885285868,"dataset","LC"
"403","Aframomum_mala","Aframomum","Zingiberaceae",0.595714885285868,"dataset","VU"
"404","Aframomum_verrucosum","Aframomum","Zingiberaceae",0.595714885285868,"dataset","LC"
"405","Aframomum_zambesiacum","Aframomum","Zingiberaceae",0.595714885285868,"dataset","LC"
"406","Afrocanthium_lactescens","Afrocanthium","Rubiaceae",0.595714885285868,"dataset","LC"
"407","Agelanthus_brunneus","Agelanthus","Loranthaceae",0.595714885285868,"dataset",NA
"408","Agelanthus_myrsinifolius","Agelanthus","Loranthaceae",0.595714885285868,"dataset","VU"
"409","Alafia_erythrophthalma","Alafia","Apocynaceae",0.595714885285868,"dataset",NA
"410","Albizia_ferruginea","Albizia","Fabaceae",0.556356916099773,"genus","NT"
"411","Albizia_gummifera","Albizia","Fabaceae",0.556356916099773,"genus","LC"
"412","Allophylus_abyssinicus","Allophylus","Sapindaceae",0.51775,"genus",NA
"413","Ampelocissus_abyssinica","Ampelocissus","Vitaceae",0.595714885285868,"dataset",NA
"414","Aneilema_nyasense","Aneilema","Commelinaceae",0.595714885285868,"dataset",NA
"415","Annona_senegalensis","Annona","Annonaceae",0.518777777777778,"genus","LC"
"416","Artocarpus_heterophyllus","Artocarpus","Moraceae",0.486363636363636,"genus",NA
"417","Balthasaria_schliebenii","Balthasaria","Theaceae",0.595714885285868,"dataset","NT"
"418","Beilschmiedia_mannii","Beilschmiedia","Lauraceae",0.563114974937343,"genus","LC"
"419","Beilschmiedia_ugandensis","Beilschmiedia","Lauraceae",0.563114974937343,"genus","LC"
"420","Broussonetia_papyrifera","Broussonetia","Moraceae",0.4045,"genus","LC"
"421","Caloncoba_crepiniana","Caloncoba","Achariaceae",0.65,"genus",NA
"422","Canavalia_africana","Canavalia","Fabaceae",0.595714885285868,"dataset",NA
"423","Cansjera_rheedei","Cansjera","Opiliaceae",0.595714885285868,"dataset","LC"
"424","Capparis_erythrocarpos","Capparis","Capparaceae",0.691083333333333,"genus",NA
"425","Carpolobia_goetzei","Carpolobia","Polygalaceae",0.595714885285868,"dataset","LC"
"426","Casearia_runssorica","Casearia","Salicaceae",0.624615384615385,"genus",NA
"427","Elaeodendron_buchananii","Elaeodendron","Celastraceae",0.739666666666667,"genus",NA
"428","Cassipourea_gummiflua","Cassipourea","Rhizophoraceae",0.650357142857143,"genus",NA
"429","Cassipourea_ruwensorensis","Cassipourea","Rhizophoraceae",0.650357142857143,"genus",NA
"430","Celtis_gomphophylla","Celtis","Cannabaceae",0.566228571428571,"genus","LC"
"431","Chassalia_subochreata","Chassalia","Rubiaceae",0.595714885285868,"dataset",NA
"432","Noronhia_africana","Noronhia","Oleaceae",0.595714885285868,"dataset","LC"
"433","Englerophytum_rwandense","Englerophytum","Sapotaceae",0.595714885285868,"dataset","EN"
"434","Cissus_quadrangularis","Cissus","Vitaceae",0.595714885285868,"dataset",NA
"435","Citrus_limon","Citrus","Rutaceae",0.74,"genus","LC"
"436","Citrus_sinensis","Citrus","Rutaceae",0.74,"genus",NA
"437","Cleistanthus_polystachyus","Cleistanthus","Phyllanthaceae",0.6518,"genus","LC"
"438","Coccinia_barteri","Coccinia","Cucurbitaceae",0.595714885285868,"dataset",NA
"439","Coccinia_mildbraedii","Coccinia","Cucurbitaceae",0.595714885285868,"dataset",NA
"440","Coffea_eugenioides","Coffea","Rubiaceae",0.633,"genus","EN"
"441","Cordia_africana","Cordia","Boraginaceae",0.542470421245421,"genus","LC"
"442","Craterispermum_laurinum","Craterispermum","Rubiaceae",0.663,"genus",NA
"443","Croton_megalocarpus","Croton","Euphorbiaceae",0.510402666666667,"genus",NA
"444","Croton_reflexifolius","Croton","Euphorbiaceae",0.510402666666667,"genus",NA
"445","Dasylepis_eggelingii","Dasylepis","Flacourtiaceae",0.64,"genus","VU"
"446","Deinbollia_fulvotomentella","Deinbollia","Sapindaceae",0.595714885285868,"dataset",NA
"447","Deinbollia_pinnata","Deinbollia","Sapindaceae",0.595714885285868,"dataset",NA
"448","Dialium_lopense","Dialium","Fabaceae",0.812419230769231,"genus","NT"
"449","Diospyros_hoyleana","Diospyros","Ebenaceae",0.683275126262626,"genus","LC"
"450","Diospyros_monbuttensis","Diospyros","Ebenaceae",0.683275126262626,"genus","LC"
"451","Dombeya_torrida","Dombeya","Malvaceae",0.484,"genus",NA
"452","Dovyalis_macrocalyx","Dovyalis","Salicaceae",0.579,"genus","LC"
"453","Dracaena_laxissima","Dracaena","Asparagaceae",0.41825,"genus",NA
"454","Drypetes_bipindensis","Drypetes","Putranjivaceae",0.69451282051282,"genus",NA
"455","Ekebergia_capensis","Ekebergia","Meliaceae",0.448888888888889,"genus","LC"
"456","Englerina_woodfordioides","Englerina","Loranthaceae",0.595714885285868,"dataset",NA
"457","Ensete_ventricosum","Ensete","Musaceae",0.595714885285868,"dataset","LC"
"458","Crateva_eminens","Crateva","Capparaceae",0.411166666666667,"genus",NA
"459","Ficus_demeusei","Ficus","Moraceae",0.405534661835749,"genus",NA
"460","Ficus_asperifolia","Ficus","Moraceae",0.405534661835749,"genus","LC"
"461","Ficus_barteri","Ficus","Moraceae",0.405534661835749,"genus","LC"
"462","Ficus_brachypoda","Ficus","Moraceae",0.405534661835749,"genus","LC"
"463","Ficus_conraui","Ficus","Moraceae",0.405534661835749,"genus","LC"
"464","Ficus_craterostoma","Ficus","Moraceae",0.405534661835749,"genus",NA
"465","Ficus_cyathistipula","Ficus","Moraceae",0.405534661835749,"genus",NA
"466","Ficus_ottoniifolia","Ficus","Moraceae",0.405534661835749,"genus",NA
"467","Ficus_pseudomangifera","Ficus","Moraceae",0.405534661835749,"genus",NA
"468","Ficus_pubigera","Ficus","Moraceae",0.405534661835749,"genus",NA
"469","Ficus_tremula","Ficus","Moraceae",0.405534661835749,"genus","LC"
"470","Ficus_trichopoda","Ficus","Moraceae",0.405534661835749,"genus",NA
"471","Ficus_vallis-choudae","Ficus","Moraceae",0.405534661835749,"genus",NA
"472","Ficus_variifolia","Ficus","Moraceae",0.405534661835749,"genus",NA
"473","Flacourtia_indica","Flacourtia","Salicaceae",0.7825,"genus","LC"
"474","Flueggea_virosa","Flueggea","Phyllanthaceae",0.595714885285868,"dataset","LC"
"475","Garcinia_huillensis","Garcinia","Clusiaceae",0.741621568627451,"genus",NA
"476","Grewia_flavescens","Grewia","Malvaceae",0.5580625,"genus","LC"
"477","Microcos_mildbraedii","Microcos","Malvaceae",0.481871794871795,"genus",NA
"478","Grewia_mollis","Grewia","Malvaceae",0.5580625,"genus","LC"
"479","Grewia_pubescens","Grewia","Malvaceae",0.5580625,"genus",NA
"480","Grewia_rothii","Grewia","Malvaceae",0.5580625,"genus",NA
"481","Guibourtia_tessmannii","Guibourtia","Fabaceae",0.781306825396825,"genus","EN"
"482","Haplocoelum_foliolosum","Haplocoelum","Sapindaceae",0.788,"genus","LC"
"483","Hoslundia_opposita","Hoslundia","Lamiaceae",0.595714885285868,"dataset",NA
"484","Illigera_pentaphylla","Illigera","Hernandiaceae",0.595714885285868,"dataset",NA
"485","Impatiens_burtonii","Impatiens","Balsaminaceae",0.595714885285868,"dataset",NA
"486","Impatiens_irvingii","Impatiens","Balsaminaceae",0.595714885285868,"dataset","LC"
"487","Impatiens_niamniamensis","Impatiens","Balsaminaceae",0.595714885285868,"dataset",NA
"488","Isolona_deightonii","Isolona","Annonaceae",0.595714885285868,"dataset","VU"
"489","Ixora_burundiensis","Ixora","Rubiaceae",0.792857142857143,"genus","VU"
"490","Julbernardia_brieyi","Julbernardia","Fabaceae",0.663977777777778,"genus","LC"
"491","Keayodendron_bridelioides ","Keayodendron","Phyllanthaceae",0.595714885285868,"dataset",NA
"492","Keetia_venosa","Keetia","Rubiaceae",0.595714885285868,"dataset","LC"
"493","Landolphia_landolphioides","Landolphia","Apocynaceae",0.595714885285868,"dataset",NA
"494","Landolphia_owariensis","Landolphia","Apocynaceae",0.595714885285868,"dataset",NA
"495","Lannea_fulva","Lannea","Anacardiaceae",0.452416666666667,"genus",NA
"496","Lantana_camara","Lantana","Verbenaceae",0.595714885285868,"dataset",NA
"497","Lantana_trifolia","Lantana","Verbenaceae",0.595714885285868,"dataset",NA
"498","Lecaniodiscus_fraxinifolius","Lecaniodiscus","Sapindaceae",0.595714885285868,"dataset",NA
"499","Lepisanthes_senegalensis","Lepisanthes","Sapindaceae",0.6575,"genus",NA
"500","Loeseneriella_apocynoides","Loeseneriella","Hippocrateaceae",0.595714885285868,"dataset",NA
"501","Macaranga_kilimandscharica","Macaranga","Euphorbiaceae",0.382929166666667,"genus",NA
"502","Macaranga_schweinfurthii","Macaranga","Euphorbiaceae",0.382929166666667,"genus","LC"
"503","Marantochloa_leucantha","Marantochloa","Marantaceae",0.595714885285868,"dataset",NA
"504","Mimulopsis_arborescens","Mimulopsis","Acanthaceae",0.595714885285868,"dataset","LC"
"505","Mimusops_kummel","Mimusops","Sapotaceae",0.835037037037037,"genus","LC"
"506","Monanthotaxis_ferruginea","Monanthotaxis","Annonaceae",0.595714885285868,"dataset",NA
"507","Monanthotaxis_orophila","Monanthotaxis","Annonaceae",0.595714885285868,"dataset","NT"
"508","Myrianthus_preussii","Myrianthus","Urticaceae",0.4495,"genus","LC"
"509","Neoboutonia_macrocalyx","Neoboutonia","Euphorbiaceae",0.33,"genus","LC"
"510","Newtonia_buchananii","Newtonia","Fabaceae",0.601662962962963,"genus","LC"
"511","Olax_subscorpioidea","Olax","Olacaceae",0.771,"genus",NA
"512","Olinia_rochetiana","Olinia","Penaeaceae",0.739,"genus",NA
"513","Oxyanthus_tubiflorus","Oxyanthus","Rubiaceae",0.525,"genus",NA
"514","Pancovia_turbinata","Pancovia","Sapindaceae",0.595714885285868,"dataset","LC"
"515","Parinari_curatellifolia","Parinari","Chrysobalanaceae",0.712558134920635,"genus","LC"
"516","Passiflora_subpeltata","Passiflora","Passifloraceae",0.595714885285868,"dataset",NA
"517","Cenchrus_purpureus","Cenchrus","Poaceae",0.595714885285868,"dataset","LC"
"518","Peponium_vogelii","Peponium","Cucurbitaceae",0.595714885285868,"dataset",NA
"519","Phytolacca_dodecandra","Phytolacca","Phytolaccaceae",0.258,"genus",NA
"520","Piper_umbellatum","Piper","Piperaceae",0.3935,"genus",NA
"521","Psychotria_mahonii","Psychotria","Rubiaceae",0.5636,"genus",NA
"522","Psychotria_peduncularis","Psychotria","Rubiaceae",0.5636,"genus",NA
"523","Psychotria_succulenta","Psychotria","Rubiaceae",0.5636,"genus",NA
"524","Psydrax_parviflora ","Psydrax","Rubiaceae",0.76275,"genus",NA
"525","Pterygota_mildbraedii","Pterygota","Malvaceae",0.539458333333333,"genus",NA
"526","Pyrenacantha_sylvestris","Pyrenacantha","Icacinaceae",0.595714885285868,"dataset",NA
"527","Renealmia_congolana","Renealmia","Zingiberaceae",0.595714885285868,"dataset",NA
"528","Ritchiea_albersii","Ritchiea","Capparaceae",0.595714885285868,"dataset","LC"
"529","Rothmannia_whitfieldii","Rothmannia","Rubiaceae",0.6415,"genus","LC"
"530","Rubus_niveus","Rubus","Rosaceae",0.35,"genus",NA
"531","Salacia_debilis","Salacia","Celastraceae",0.76,"genus",NA
"532","Salacia_erecta","Salacia","Celastraceae",0.76,"genus",NA
"533","Salacia_leptoclada","Salacia","Celastraceae",0.76,"genus",NA
"534","Astropanax_goetzenii","Astropanax","Araliaceae",0.595714885285868,"dataset",NA
"535","Scottellia_klaineana","Scottellia","Achariaceae",0.558875,"genus","LC"
"536","Smilax_anceps","Smilax","Smilacaceae",0.595714885285868,"dataset",NA
"537","Solanum_betaceum","Solanum","Solanaceae",0.411857142857143,"genus","DD"
"538","Sterculia_dawei","Sterculia","Malvaceae",0.404821666666667,"genus","LC"
"539","Strychnos_lucens","Strychnos","Loganiaceae",0.689805555555556,"genus",NA
"540","Strychnos_mitis","Strychnos","Loganiaceae",0.689805555555556,"genus",NA
"541","Synsepalum_brevipes","Synsepalum","Sapotaceae",0.6775,"genus","LC"
"542","Synsepalum_cerasiferum","Synsepalum","Sapotaceae",0.6775,"genus","LC"
"543","Syzygium_parvifolium","Syzygium","Myrtaceae",0.664366666666667,"genus",NA
"544","Syzygium_rowlandii","Syzygium","Myrtaceae",0.664366666666667,"genus",NA
"545","Tabernaemontana_odoratissima","Tabernaemontana","Apocynaceae",0.526071428571429,"genus",NA
"546","Tabernaemontana_pachysiphon","Tabernaemontana","Apocynaceae",0.526071428571429,"genus","LC"
"547","Tabernaemontana_stapfiana","Tabernaemontana","Apocynaceae",0.526071428571429,"genus",NA
"548","Tapinanthus_constrictiflorus","Tapinanthus","Loranthaceae",0.595714885285868,"dataset",NA
"549","Hyalosepalum_caffrum","Hyalosepalum","Menispermaceae",0.595714885285868,"dataset",NA
"550","Toddalia_asiatica","Toddalia","Rutaceae",0.595714885285868,"dataset",NA
"551","Trichilia_dregeana","Trichilia","Meliaceae",0.644092948717949,"genus","LC"
"552","Tridesmostemon_omphalocarpoides","Tridesmostemon","Sapotaceae",0.595714885285868,"dataset","LC"
"553","Tristemma_mauritianum","Tristemma","Melastomataceae",0.595714885285868,"dataset",NA
"554","Urera_trinervis","Urera","Urticaceae",0.323555555555556,"genus",NA
"555","Uvaria_angolensis","Uvaria","Annonaceae",0.595714885285868,"dataset","LC"
"556","Uvaria_welwitschii","Uvaria","Annonaceae",0.595714885285868,"dataset",NA
"557","Vangueria_madagascariensis","Vangueria","Rubiaceae",0.657333333333333,"genus","LC"
"558","Vepris_renieri","Vepris","Rutaceae",0.659,"genus","EN"
"559","Vepris_stolzii","Vepris","Rutaceae",0.659,"genus",NA
"560","Viscum_congolense","Viscum","Santalaceae",0.595714885285868,"dataset",NA
"561","Viscum_triflorum","Viscum","Santalaceae",0.595714885285868,"dataset",NA
"562","Vitex_doniana","Vitex","Lamiaceae",0.565170666666667,"genus","LC"
"563","Afzelia_africana","Afzelia","Fabaceae",0.669883982683983,"genus","VU"
"564","Terminalia_leiocarpa","Terminalia","Combretaceae",0.6304967779212,"genus","LC"
"565","Bridelia_ferruginea","Bridelia","Phyllanthaceae",0.555032738095238,"genus","LC"
"566","Buxus_acutata","Buxus","Buxaceae",0.722,"genus",NA
"567","Christiana_africana","Christiana","Malvaceae",0.595714885285868,"dataset","LC"
"568","Cissus_populnea","Cissus","Vitaceae",0.595714885285868,"dataset",NA
"569","Cola_cordifolia","Cola","Malvaceae",0.612895833333333,"genus","LC"
"570","Cremaspora_triflora","Cremaspora","Rubiaceae",0.595714885285868,"dataset","LC"
"571","Crossopteryx_febrifuga","Crossopteryx","Rubiaceae",0.702,"genus","LC"
"572","Cynometra_megalophylla","Cynometra","Fabaceae",0.812257291666667,"genus","LC"
"573","Alantsilodendron_pilosum","Alantsilodendron","Fabaceae",0.595714885285868,"dataset","LC"
"574","Diospyros_mespiliformis","Diospyros","Ebenaceae",0.683275126262626,"genus","LC"
"575","Drypetes_floribunda","Drypetes","Putranjivaceae",0.69451282051282,"genus",NA
"576","Gardenia_aqualla","Gardenia","Rubiaceae",0.668115384615385,"genus",NA
"577","Lannea_acida","Lannea","Anacardiaceae",0.452416666666667,"genus","LC"
"578","Lannea_barteri","Lannea","Anacardiaceae",0.452416666666667,"genus","LC"
"579","Leucaena_leucocephala","Leucaena","Fabaceae",0.678666666666667,"genus","LC"
"580","Mallotus_oppositifolius","Mallotus","Euphorbiaceae",0.503809523809524,"genus","LC"
"581","Nauclea_gilletii","Nauclea","Rubiaceae",0.565472551602986,"genus","LC"
"582","Oxyanthus_racemosus","Oxyanthus","Rubiaceae",0.525,"genus","LC"
"583","Parkia_biglobosa","Parkia","Fabaceae",0.458531818181818,"genus","LC"
"584","Malacantha_alnifolia","Malacantha","Sapotaceae",0.595714885285868,"dataset","LC"
"585","Saba_senegalensis","Saba","Apocynaceae",0.595714885285868,"dataset",NA
"586","Nauclea_latifolia","Nauclea","Rubiaceae",0.565472551602986,"genus","LC"
"587","Solanum_incanum","Solanum","Solanaceae",0.411857142857143,"genus","LC"
"588","Tapura_fischeri","Tapura","Dichapetalaceae",0.640166666666667,"genus","LC"
"589","Uvaria_chamae","Uvaria","Annonaceae",0.595714885285868,"dataset","LC"
"590","Abutilon_guineense","Abutilon","Malvaceae",0.595714885285868,"dataset",NA
"591","Senegalia_ nigrescens","Senegalia","Fabaceae",0.595714885285868,"dataset",NA
"592","Vachellia_robusta","Vachellia","Fabaceae",0.595714885285868,"dataset","LC"
"593","Vachellia xanthophloea","Vachellia xanthophloea","Fabaceae",0.595714885285868,"dataset",NA
"594","Acalypha_fruticosa","Acalypha","Euphorbiaceae",0.3,"genus","LC"
"595","Afzelia_quanzensis","Afzelia","Fabaceae",0.669883982683983,"genus","LC"
"596","Albizia_harveyi","Albizia","Fabaceae",0.556356916099773,"genus","LC"
"597","Alysicarpus_glumaceus","Alysicarpus","Fabaceae",0.595714885285868,"dataset",NA
"598","Balanites_aegyptiaca","Balanites","Zygophyllaceae",0.661777777777778,"genus","LC"
"599","Schnella_microstachya","Schnella","Fabaceae",0.595714885285868,"dataset",NA
"600","Phyllogeiton_discolor","Phyllogeiton","Rhamnaceae",0.595714885285868,"dataset",NA
"601","Blepharis_stuhlmannii","Blepharis","Acanthaceae",0.595714885285868,"dataset",NA
"602","Urochloa_brizantha","Urochloa","Poaceae",0.595714885285868,"dataset",NA
"603","Brachiaria_deflexa","Brachiaria","Poaceae",0.595714885285868,"dataset",NA
"604","Brachiaria_xantholeuca","Brachiaria","Poaceae",0.595714885285868,"dataset",NA
"605","Brachystegia_bussei","Brachystegia","Fabaceae",0.605521428571429,"genus","LC"
"606","Brachystegia_tamarindoides","Brachystegia","Fabaceae",0.605521428571429,"genus","LC"
"607","Bullockia_setiflora","Bullockia","Rubiaceae",0.595714885285868,"dataset",NA
"608","Caperonia_stuhlmannii","Caperonia","Euphorbiaceae",0.595714885285868,"dataset","LC"
"609","Cissus_cornifolia","Cissus","Vitaceae",0.595714885285868,"dataset",NA
"610","Cissus_verticillata","Cissus","Vitaceae",0.595714885285868,"dataset","LC"
"611","Combretum_mossambicense","Combretum","Combretaceae",0.806,"genus","LC"
"612","Combretum_zeyheri","Combretum","Combretaceae",0.806,"genus","LC"
"613","Commiphora_africana","Commiphora","Burseraceae",0.401888888888889,"genus","LC"
"614","Cordyla_africana","Cordyla","Fabaceae",0.7675,"genus","LC"
"615","Croton_dichogamus","Croton","Euphorbiaceae",0.510402666666667,"genus","LC"
"616","Cucumis_hirsutus","Cucumis","Cucurbitaceae",0.595714885285868,"dataset",NA
"617","Cucumis_melo","Cucumis","Cucurbitaceae",0.595714885285868,"dataset",NA
"618","Cucumis_sacleuxii","Cucumis","Cucurbitaceae",0.595714885285868,"dataset",NA
"619","Cyphostemma_gigantophyllum","Cyphostemma","Vitaceae",0.595714885285868,"dataset",NA
"620","Digitaria_milanjiana","Digitaria","Poaceae",0.595714885285868,"dataset",NA
"621","Dioscorea_sansibarensis","Dioscorea","Dioscoreaceae",0.595714885285868,"dataset",NA
"622","Diospyros_kirkii","Diospyros","Ebenaceae",0.683275126262626,"genus","LC"
"623","Diospyros_loureiroana","Diospyros","Ebenaceae",0.683275126262626,"genus","LC"
"624","Digitaria_leucites","Digitaria","Poaceae",0.595714885285868,"dataset","LC"
"625","Eleusine_indica","Eleusine","Poaceae",0.595714885285868,"dataset","LC"
"626","Eriochloa_barbatus","Eriochloa","Poaceae",0.595714885285868,"dataset","LC"
"627","Erythroxylum_emarginatum","Erythroxylum","Erythroxylaceae",0.789611111111111,"genus",NA
"628","Euphorbia_hirta","Euphorbia","Euphorbiaceae",0.457,"genus",NA
"629","Euphorbia_systyloides","Euphorbia","Euphorbiaceae",0.457,"genus",NA
"630","Ficus_platyphylla","Ficus","Moraceae",0.405534661835749,"genus",NA
"631","Grevea_eggelingii","Grevea","Montiniaceae",0.595714885285868,"dataset","LC"
"632","Haplocoelum_inoploeum","Haplocoelum","Sapindaceae",0.788,"genus",NA
"633","Hibiscus_articulatus","Hibiscus","Malvaceae",0.456181818181818,"genus","LC"
"634","Hibiscus_cannabinus","Hibiscus","Malvaceae",0.456181818181818,"genus",NA
"635","Hibiscus_micranthus","Hibiscus","Malvaceae",0.456181818181818,"genus",NA
"636","Hygrophila_auriculata","Hygrophila","Acanthaceae",0.595714885285868,"dataset","LC"
"637","Hyparrhenia_filipendula","Hyparrhenia","Poaceae",0.595714885285868,"dataset",NA
"638","Indigofera_colutea","Indigofera","Fabaceae",0.595714885285868,"dataset",NA
"639","Indigofera_dendroides","Indigofera","Fabaceae",0.595714885285868,"dataset",NA
"640","Ipomoea_aquatica","Ipomoea","Convolvulaceae",0.435,"genus","LC"
"641","Ipomoea_biflora","Ipomoea","Convolvulaceae",0.435,"genus",NA
"642","Ipomoea_coptica","Ipomoea","Convolvulaceae",0.435,"genus",NA
"643","Ipomoea_crassipes","Ipomoea","Convolvulaceae",0.435,"genus",NA
"644","Ipomoea_eriocarpa","Ipomoea","Convolvulaceae",0.435,"genus",NA
"645","Ipomoea_lapathifolia","Ipomoea","Convolvulaceae",0.435,"genus","LC"
"646","Ipomoea_mombassana","Ipomoea","Convolvulaceae",0.435,"genus",NA
"647","Ipomoea_obscura","Ipomoea","Convolvulaceae",0.435,"genus",NA
"648","Ipomoea_pileata","Ipomoea","Convolvulaceae",0.435,"genus",NA
"649","Ipomoea_venosa","Ipomoea","Convolvulaceae",0.435,"genus","LC"
"650","Lannea_schweinfurthii","Lannea","Anacardiaceae",0.452416666666667,"genus","NT"
"651","Lantana_radula","Lantana","Verbenaceae",0.595714885285868,"dataset",NA
"652","Leptochloa_panicea","Leptochloa","Poaceae",0.595714885285868,"dataset","LC"
"653","Maerua_grantii","Maerua","Capparaceae",0.595714885285868,"dataset",NA
"654","Manilkara_mochisia","Manilkara","Sapotaceae",0.885127236652237,"genus","LC"
"655","Meyna_tetraphylla","Meyna","Rubiaceae",0.595714885285868,"dataset",NA
"656","Oryza_punctata","Oryza","Poaceae",0.595714885285868,"dataset","LC"
"657","Dichanthelium_dichotomum","Dichanthelium","Poaceae",0.595714885285868,"dataset",NA
"658","Megathyrsus_infestus","Megathyrsus","Poaceae",0.595714885285868,"dataset",NA
"659","Pavetta_fascifolia","Pavetta","Rubiaceae",0.595714885285868,"dataset","DD"
"660","Pseudolachnostylis_maprouneifolia","Pseudolachnostylis","Phyllanthaceae",0.62,"genus","LC"
"661","Terminalia_myrtifolia","Terminalia","Combretaceae",0.6304967779212,"genus",NA
"662","Pyrenacantha_kaurabassana","Pyrenacantha","Icacinaceae",0.595714885285868,"dataset",NA
"663","Rourea_orientalis","Rourea","Connaraceae",0.595714885285868,"dataset","LC"
"664","Schoenoplectiella_articulata","Schoenoplectiella","Cyperaceae",0.595714885285868,"dataset","LC"
"665","Scleria_microcarpa","Scleria","Cyperaceae",0.595714885285868,"dataset","LC"
"666","Sclerocarya_birrea","Sclerocarya","Anacardiaceae",0.4885,"genus",NA
"667","Setaria_incrassata","Setaria","Poaceae",0.595714885285868,"dataset",NA
"668","Sida_acuta","Sida","Malvaceae",0.595714885285868,"dataset",NA
"669","Sida_rhombifolia","Sida","Malvaceae",0.595714885285868,"dataset",NA
"670","Sida_spinosa","Sida","Malvaceae",0.595714885285868,"dataset",NA
"671","Siphonochilus_kirkii","Siphonochilus","Zingiberaceae",0.595714885285868,"dataset",NA
"672","Slereospermum_kunthianum","Slereospermum","Bignoniaceae",0.595714885285868,"dataset","LC"
"673","Sorghum_veriscolor","Sorghum","Poaceae",0.595714885285868,"dataset",NA
"674","Spermacoce_sphaerostigma","Spermacoce","Rubiaceae",0.595714885285868,"dataset",NA
"675","Sphaeranthus_kirkii","Sphaeranthus","Compositae",0.595714885285868,"dataset",NA
"676","Sporobolus_fimbriatus","Sporobolus","Poaceae",0.595714885285868,"dataset",NA
"677","Sporobolus_ioclados","Sporobolus","Poaceae",0.595714885285868,"dataset",NA
"678","Sporobolus_pyramidalis","Sporobolus","Poaceae",0.595714885285868,"dataset",NA
"679","Strychnos_madagascariensis","Strychnos","Loganiaceae",0.689805555555556,"genus","LC"
"680","Tephrosia_pumila","Tephrosia","Fabaceae",0.595714885285868,"dataset","LC"
"681","Tephrosia_stormsii","Tephrosia","Fabaceae",0.595714885285868,"dataset",NA
"682","Terminalia_mollis","Terminalia","Combretaceae",0.6304967779212,"genus","LC"
"683","Terminalia_spinosa","Terminalia","Combretaceae",0.6304967779212,"genus",NA
"684","Themeda_triandra","Themeda","Poaceae",0.595714885285868,"dataset",NA
"685","Tragia_furialis","Tragia","Euphorbiaceae",0.595714885285868,"dataset",NA
"686","Tricholaena_monachne","Tricholaena","Poaceae",0.595714885285868,"dataset",NA
"687","Tricliceras_brevicaule","Tricliceras","Turneraceae",0.595714885285868,"dataset",NA
"688","Tylosema_fassoglense","Tylosema","Fabaceae",0.595714885285868,"dataset",NA
"689","Urochloa_trichopus","Urochloa","Poaceae",0.595714885285868,"dataset",NA
"690","Vigna_friesiorum","Vigna","Fabaceae",0.595714885285868,"dataset","LC"
"691","Vigna_frutescens","Vigna","Fabaceae",0.595714885285868,"dataset","LC"
"692","Vigna_vexillata","Vigna","Fabaceae",0.595714885285868,"dataset",NA
"693","Vinga_unguiculata","Vinga","Fabaceae",0.595714885285868,"dataset",NA
"694","Albizia_zygia","Albizia","Fabaceae",0.556356916099773,"genus","LC"
"695","Amphimas_pterocarpoides","Amphimas","Fabaceae",0.597642857142857,"genus","LC"
"696","Erythrophleum_ivorense","Erythrophleum","Fabaceae",0.808748214285714,"genus",NA
"697","Myrianthus_libericus","Myrianthus","Urticaceae",0.4495,"genus","LC"
"698","Plagiosiphon_emarginatus","Plagiosiphon","Fabaceae",0.595714885285868,"dataset","LC"
"699","Odyendea_gabunensis","Odyendea","Simaroubaceae",0.595714885285868,"dataset",NA
"700","Terminalia_ivorensis","Terminalia","Combretaceae",0.6304967779212,"genus","VU"
"701","Dialium_dinklagei","Dialium","Fabaceae",0.812419230769231,"genus","LC"
"702","Millettia_leonensis","Millettia","Fabaceae",0.696722222222222,"genus",NA
"703","Shirakiopsis_aubrevillei","Shirakiopsis","Euphorbiaceae",0.5115,"genus","VU"
"704","Vitex_ferruginea","Vitex","Lamiaceae",0.565170666666667,"genus","LC"
"705","Vitex_grandifolia","Vitex","Lamiaceae",0.565170666666667,"genus","LC"
"706","Vitex_micrantha","Vitex","Lamiaceae",0.565170666666667,"genus","LC"
"707","Voacanga_africana","Voacanga","Apocynaceae",0.595714885285868,"dataset",NA
"708","Warburgia_ugandensis","Warburgia","Canellaceae",0.689,"genus",NA
"709","Aganope_stuhlmannii","Aganope","Fabaceae",0.595714885285868,"dataset","LC"
"710","Ximenia_americana","Ximenia","Olacaceae",0.866666666666667,"genus","LC"
"711","Xylopia_acutiflora","Xylopia","Annonaceae",0.591037654320988,"genus","LC"
"712","Xylopia_aethiopica","Xylopia","Annonaceae",0.591037654320988,"genus","LC"
"713","Xylopia_hypolampra","Xylopia","Annonaceae",0.591037654320988,"genus","NC"
"714","Xylopia_quintasii","Xylopia","Annonaceae",0.591037654320988,"genus","LC"
"715","Xylopia_rubescens","Xylopia","Annonaceae",0.591037654320988,"genus","LC"
"716","Xylopia_staudtii","Xylopia","Annonaceae",0.591037654320988,"genus","LC"
"717","Xymalos_monospora","Xymalos","Monimiaceae",0.595714885285868,"dataset","LC"
"718","Zanthoxylum_heitzii","Zanthoxylum","Rutaceae",0.617740728715729,"genus","LC"
"719","Zehneria_scabra","Zehneria","Cucurbitaceae",0.595714885285868,"dataset",NA
"720","Zehneria_thwaitesii","Zehneria","Cucurbitaceae",0.595714885285868,"dataset",NA
"721","Brenania_brieyi","Brenania","Rubiaceae",0.595714885285868,"dataset",NA
"722","Gambeya_beguei","Gambeya","Sapotaceae",0.595714885285868,"dataset","LC"
"723","Pachyelasma_tessmannii","Pachyelasma","Fabaceae",0.738,"genus",NA
"724","Thomandersia_laurifolia","Thomandersia","Thromandersiaceae",0.595714885285868,"dataset","LC"
"725","Antrocaryon_micraster","Antrocaryon","Anacardiaceae",0.498788888888889,"genus","VU"
"726","Gambeya_perpulchra","Gambeya","Sapotaceae",0.595714885285868,"dataset","LC"
"727","Manilkara_mabokeensis","Manilkara","Sapotaceae",0.885127236652237,"genus",NA
